{
  "comment": "Do not edit this file, use utils/roll_browser.js",
  "browsers": [
    {
      "name": "chromium",
      "revision": "878941",
      "installByDefault": true
    },
    {
      "name": "firefox",
      "revision": "1250",
      "installByDefault": true
    },
    {
      "name": "firefox-stable",
      "revision": "1245",
      "installByDefault": false
    },
    {
      "name": "webkit",
      "revision": "1472",
      "installByDefault": true,
      "revisionOverrides": {
        "mac10.14": "1443"
      }
    },
    {
      "name": "webkit-technology-preview",
      "revision": "1443",
      "installByDefault": false
    },
    {
      "name": "ffmpeg",
      "revision": "1005",
      "installByDefault": true
    }
  ]
}